{
    "_id": "4538",
    "origin_ipv4_prefix_count": [
        5177,
        5181,
        5177,
        5183,
        5184,
        5177,
        5185,
        5182,
        5180,
        5183,
        5181,
        5185,
        5185,
        5180,
        5183,
        5186,
        5181,
        5178,
        5180,
        5186,
        5184,
        5186,
        5184,
        5183,
        5180,
        5183,
        5182,
        5185,
        5181,
        5181,
        5179,
        5186,
        5186,
        5183,
        5180,
        5177,
        5181,
        5178,
        5179,
        5184,
        5177,
        5186,
        5184,
        5186,
        5184,
        5181,
        5180,
        5177,
        5186,
        5183,
        5180
    ],
    "origin_ipv4_prefix_sum_24": [
        163894.34375,
        163902.52468246737,
        163900.16383209202,
        163901.2417336015,
        163895.83785184566,
        163899.5630029342,
        163901.6895997357,
        163896.95022593552,
        163900.78995743595,
        163895.6873495342,
        163897.84955308674,
        163898.23253392018,
        163895.9338727567,
        163897.37719975464,
        163902.12983994329,
        163894.43033401802,
        163899.2733474926,
        163902.0095022099,
        163903.02275691312,
        163901.36797129858,
        163902.37996604212,
        163903.8740854973,
        163901.41186964873,
        163898.0655115577,
        163903.0439979807,
        163900.65071661383,
        163904.21060266846,
        163902.5733889712,
        163895.60845435312,
        163901.17825596128,
        163899.7294827896,
        163899.655409234,
        163894.7580185463,
        163902.91309992495,
        163897.4744079812,
        163900.99192511634,
        163900.8702909961,
        163899.3996711045,
        163902.27280781112,
        163896.37776316173,
        163900.33114572414,
        163895.23132846362,
        163902.8816410942,
        163897.63577434098,
        163903.33644488518,
        163895.54390473943,
        163900.6583734724,
        163902.3539303198,
        163900.33906327322,
        163895.3092881264,
        163898.1502185973
    ],
    "origin_ipv6_prefix_count": [
        7,
        16,
        14,
        16,
        9,
        12,
        13,
        13,
        16,
        12,
        7,
        10,
        10,
        11,
        12,
        9,
        15,
        11,
        8,
        10,
        10,
        11,
        8,
        10,
        12,
        15,
        7,
        11,
        9,
        16,
        15,
        11,
        15,
        16,
        8,
        7,
        14,
        9,
        14,
        16,
        11,
        16,
        12,
        10,
        9,
        14,
        11,
        8,
        16,
        8,
        10
    ],
    "origin_ipv6_prefix_sum_48": [
        131587,
        131589.25476867572,
        131587.73283588773,
        131596.0341874149,
        131588.54141696653,
        131589.4307181658,
        131594.3154862945,
        131591.91581149373,
        131591.63915484084,
        131595.79889765498,
        131595.33977406085,
        131588.70418504195,
        131587.15346583942,
        131595.39170206946,
        131587.20591171342,
        131587.7476298257,
        131595.16339407396,
        131589.49228659194,
        131594.36403262126,
        131595.94427561728,
        131595.52296744034,
        131596.46692157997,
        131588.05337940552,
        131589.53246225504,
        131589.05847909016,
        131592.09653684503,
        131592.1332002065,
        131595.8794259655,
        131595.89241215697,
        131593.37049552382,
        131595.42436254397,
        131590.64043555694,
        131594.83736596722,
        131589.71930625578,
        131595.19748123316,
        131593.78502335728,
        131593.64818134008,
        131589.28966659962,
        131588.0654061205,
        131587.46294431662,
        131588.64709552538,
        131589.9491289967,
        131592.43250421615,
        131589.72200143346,
        131594.06154993115,
        131596.6714381294,
        131592.44254812988,
        131588.40951271026,
        131593.70052980486,
        131590.12031685244,
        131593.33193678182
    ]
}